date,index_name,open,close,returns_pct
2020-01-01,NIFTY50,20934.84,17169.98,0.9658
2020-01-02,NIFTY50,19010.07,21710.54,-1.0626
2020-01-03,NIFTY50,19352.43,18311.85,-0.1124
2020-01-06,NIFTY50,15010.27,16303.04,0.7041
2020-01-07,NIFTY50,21566.21,14962.17,-0.5705
2020-01-08,NIFTY50,15060.59,19628.23,-1.8098
2020-01-09,NIFTY50,20197.38,19158.85,2.7698
2020-01-10,NIFTY50,16118.53,16991.51,0.0688
2020-01-13,NIFTY50,21468.75,21607.53,1.4035
2020-01-14,NIFTY50,19759.68,14177.62,-0.5337
2020-01-15,NIFTY50,20030.51,16429.79,-0.8692
2020-01-16,NIFTY50,15752.47,21368.56,-0.557
2020-01-17,NIFTY50,17544.32,16567.48,-0.5448
2020-01-20,NIFTY50,18942.51,16018.02,0.2651
2020-01-21,NIFTY50,20159.79,18273.76,0.2608
2020-01-22,NIFTY50,14831.68,20590.41,-0.0171
2020-01-23,NIFTY50,21698.92,14825.17,-2.1913
2020-01-24,NIFTY50,21121.77,21544.17,-0.0235
2020-01-27,NIFTY50,16162.79,20360.58,-1.9854
2020-01-28,NIFTY50,20582.08,15450.0,-2.2432
2020-01-29,NIFTY50,18146.59,19696.06,2.5959
2020-01-30,NIFTY50,17694.45,17079.67,0.6297
2020-01-31,NIFTY50,16515.47,17218.36,0.9569
2020-02-03,NIFTY50,18647.75,20266.32,-0.5892
2020-02-04,NIFTY50,19839.11,21702.28,2.4539
2020-02-05,NIFTY50,17287.46,15013.25,0.8276
2020-02-06,NIFTY50,19033.75,17365.04,1.615
2020-02-07,NIFTY50,19594.5,17847.53,-0.7886
2020-02-10,NIFTY50,19688.97,17010.49,2.7601
2020-02-11,NIFTY50,14415.73,16905.51,1.9228
2020-02-12,NIFTY50,20877.98,14418.15,2.1237
2020-02-13,NIFTY50,17666.03,19484.31,-1.9668
2020-02-14,NIFTY50,16099.33,17489.72,-1.3742
2020-02-17,NIFTY50,15934.12,15558.35,-1.2862
2020-02-18,NIFTY50,17864.11,20528.27,-1.3745
2020-02-19,NIFTY50,21094.65,20420.49,2.1324
2020-02-20,NIFTY50,17026.78,17891.13,-2.8087
2020-02-21,NIFTY50,19997.81,16387.61,-2.5434
2020-02-24,NIFTY50,14774.55,19104.74,-1.3565
2020-02-25,NIFTY50,17808.45,16305.22,-1.8008
2020-02-26,NIFTY50,21933.49,15888.06,-1.6088
2020-02-27,NIFTY50,20163.5,19844.12,1.7877
2020-02-28,NIFTY50,15684.23,14322.6,0.3788
2020-03-02,NIFTY50,18011.53,14758.15,-2.9654
2020-03-03,NIFTY50,15869.0,14054.31,-0.4241
2020-03-04,NIFTY50,17276.49,15223.55,-0.5527
2020-03-05,NIFTY50,20240.67,14551.92,-2.3163
2020-03-06,NIFTY50,20169.8,21966.42,1.0569
2020-03-09,NIFTY50,15824.8,16310.48,1.2126
2020-03-10,NIFTY50,21377.79,15194.14,1.3254
2020-03-11,NIFTY50,18740.55,15927.97,1.3708
2020-03-12,NIFTY50,17039.39,21489.0,-2.9997
2020-03-13,NIFTY50,18015.48,18161.28,2.7235
2020-03-16,NIFTY50,18840.57,16918.54,1.8853
2020-03-17,NIFTY50,18479.12,20987.13,2.4239
2020-03-18,NIFTY50,17891.24,17159.92,-2.9061
2020-03-19,NIFTY50,18039.46,16680.07,2.6032
2020-03-20,NIFTY50,15411.3,15658.26,1.8587
2020-03-23,NIFTY50,20501.86,17022.37,2.0233
2020-03-24,NIFTY50,18334.08,16533.47,-2.4403
2020-03-25,NIFTY50,15048.64,19418.43,1.4327
2020-03-26,NIFTY50,20129.26,16316.66,2.7595
2020-03-27,NIFTY50,21459.55,18617.6,1.0713
2020-03-30,NIFTY50,21578.46,14527.14,0.4234
2020-03-31,NIFTY50,16952.14,15530.31,2.6738
2020-04-01,NIFTY50,15084.13,17259.24,-0.3424
2020-04-02,NIFTY50,18147.2,21495.59,0.5958
2020-04-03,NIFTY50,14900.87,17018.02,-0.142
2020-04-06,NIFTY50,21471.9,19312.59,2.5971
2020-04-07,NIFTY50,15468.64,16040.7,-2.5435
2020-04-08,NIFTY50,16022.13,15016.27,0.0067
2020-04-09,NIFTY50,17253.09,14468.29,1.1217
2020-04-10,NIFTY50,17065.32,16443.31,1.7514
2020-04-13,NIFTY50,20357.3,15261.29,0.4981
2020-04-14,NIFTY50,17650.53,15392.08,2.4535
2020-04-15,NIFTY50,15366.15,20086.07,2.6519
2020-04-16,NIFTY50,16137.68,14126.7,-2.6141
2020-04-17,NIFTY50,18072.91,18462.48,-0.5858
2020-04-20,NIFTY50,15179.63,17035.69,-2.8592
2020-04-21,NIFTY50,18893.25,18052.4,-1.0235
2020-04-22,NIFTY50,18525.98,18502.64,0.2212
2020-04-23,NIFTY50,19717.62,16506.94,2.4648
2020-04-24,NIFTY50,21501.64,16360.87,2.0793
2020-04-27,NIFTY50,21298.04,19867.21,-2.235
2020-04-28,NIFTY50,21568.6,20970.22,-2.4418
2020-04-29,NIFTY50,15957.72,15540.65,0.5356
2020-04-30,NIFTY50,15052.52,14780.95,0.1927
2020-05-01,NIFTY50,16418.21,21182.37,-1.4017
2020-05-04,NIFTY50,21160.68,16799.16,2.3967
2020-05-05,NIFTY50,21776.43,18410.54,2.5642
2020-05-06,NIFTY50,20874.6,16876.35,-0.5843
2020-05-07,NIFTY50,14880.14,15006.42,2.3418
2020-05-08,NIFTY50,21579.42,18714.65,-0.6963
2020-05-11,NIFTY50,17386.86,18201.13,1.4209
2020-05-12,NIFTY50,14074.48,15623.95,-0.1443
2020-05-13,NIFTY50,17539.15,17614.95,-2.2645
2020-05-14,NIFTY50,14368.55,20375.58,2.5676
2020-05-15,NIFTY50,18351.02,18723.41,-0.2754
2020-05-18,NIFTY50,16708.43,14775.34,1.4069
2020-05-19,NIFTY50,17787.48,18384.17,-0.797
2020-05-20,NIFTY50,18905.36,19621.91,-2.8867
2020-05-21,NIFTY50,20950.41,20341.63,-2.3968
2020-05-22,NIFTY50,19295.21,19032.94,-0.0227
2020-05-25,NIFTY50,17472.39,15221.27,1.1398
2020-05-26,NIFTY50,20555.42,19681.39,-0.9916
2020-05-27,NIFTY50,21244.66,19418.73,1.1729
2020-05-28,NIFTY50,14958.08,14195.42,1.1918
2020-05-29,NIFTY50,18255.46,17293.98,1.2236
2020-06-01,NIFTY50,16276.1,16663.6,-0.0449
2020-06-02,NIFTY50,14376.49,19355.3,2.4893
2020-06-03,NIFTY50,19348.37,15729.09,-0.0648
2020-06-04,NIFTY50,20902.17,18726.98,-0.2984
2020-06-05,NIFTY50,15303.22,21305.65,-1.8037
2020-06-08,NIFTY50,20499.31,20382.42,-1.1541
2020-06-09,NIFTY50,20827.17,21371.66,-2.746
2020-06-10,NIFTY50,21314.72,21828.05,0.8012
2020-06-11,NIFTY50,16122.28,14085.36,-1.5088
2020-06-12,NIFTY50,21231.62,18981.93,-1.1751
2020-06-15,NIFTY50,16565.3,17302.72,1.6249
2020-06-16,NIFTY50,18418.7,20878.84,-1.0367
2020-06-17,NIFTY50,14404.06,16014.52,-1.5468
2020-06-18,NIFTY50,14351.05,21848.24,-1.9857
2020-06-19,NIFTY50,19762.99,18909.66,1.6492
2020-06-22,NIFTY50,17555.84,20348.3,-2.2218
2020-06-23,NIFTY50,16050.34,14684.8,-0.2775
2020-06-24,NIFTY50,15523.31,15467.66,0.0416
2020-06-25,NIFTY50,19359.63,20067.23,1.1243
2020-06-26,NIFTY50,14003.21,14175.89,0.7997
2020-06-29,NIFTY50,20447.13,20535.02,1.8643
2020-06-30,NIFTY50,14634.0,14111.59,-2.7315
2020-07-01,NIFTY50,15531.92,19256.95,-1.2214
2020-07-02,NIFTY50,17089.89,16920.75,-1.3192
2020-07-03,NIFTY50,17878.87,18891.96,-2.1239
2020-07-06,NIFTY50,16839.96,19568.25,-1.2649
2020-07-07,NIFTY50,16565.7,16739.8,-1.1414
2020-07-08,NIFTY50,21711.33,14863.7,0.1313
2020-07-09,NIFTY50,19132.64,14557.17,0.9822
2020-07-10,NIFTY50,14187.46,18711.49,-0.7134
2020-07-13,NIFTY50,17441.41,18165.24,1.3168
2020-07-14,NIFTY50,21000.07,19937.61,-0.983
2020-07-15,NIFTY50,16411.65,18077.88,-1.2583
2020-07-16,NIFTY50,14756.45,17379.57,0.2471
2020-07-17,NIFTY50,20067.08,17184.7,-2.8577
2020-07-20,NIFTY50,18848.11,14211.58,-2.5213
2020-07-21,NIFTY50,18562.5,16684.46,-0.4922
2020-07-22,NIFTY50,14428.61,21808.16,2.6575
2020-07-23,NIFTY50,15123.99,20988.44,1.3291
2020-07-24,NIFTY50,18980.4,16635.02,-2.4712
2020-07-27,NIFTY50,15662.59,18702.36,2.0779
2020-07-28,NIFTY50,18032.56,20778.37,1.3938
2020-07-29,NIFTY50,18359.05,17530.19,0.6657
2020-07-30,NIFTY50,16268.06,14143.66,1.9218
2020-07-31,NIFTY50,21587.4,14596.08,-0.5753
2020-08-03,NIFTY50,20739.71,18083.14,-1.671
2020-08-04,NIFTY50,19778.99,21755.52,0.0721
2020-08-05,NIFTY50,14623.95,19545.68,0.2931
2020-08-06,NIFTY50,14849.04,14567.33,0.23
2020-08-07,NIFTY50,17942.25,15514.89,0.3904
2020-08-10,NIFTY50,15285.71,20170.59,2.6922
2020-08-11,NIFTY50,21826.12,20731.52,2.4135
2020-08-12,NIFTY50,15268.16,18941.56,2.2543
2020-08-13,NIFTY50,17899.74,19155.39,1.8085
2020-08-14,NIFTY50,16912.97,14226.7,2.6606
2020-08-17,NIFTY50,19115.09,20628.24,-2.409
2020-08-18,NIFTY50,15032.29,20306.2,-1.4093
2020-08-19,NIFTY50,17442.53,16072.28,-0.0297
2020-08-20,NIFTY50,16197.64,19669.41,2.0792
2020-08-21,NIFTY50,21102.01,15718.84,0.031
2020-08-24,NIFTY50,14324.69,14322.64,1.4882
2020-08-25,NIFTY50,21309.82,15609.09,-2.1662
2020-08-26,NIFTY50,20663.95,15429.03,-1.4855
2020-08-27,NIFTY50,16380.57,16701.98,1.3907
2020-08-28,NIFTY50,20314.33,17347.6,-2.0116
2020-08-31,NIFTY50,14249.71,18068.31,-0.8919
2020-09-01,NIFTY50,21734.92,17814.03,-1.4108
2020-09-02,NIFTY50,18212.76,16165.4,-0.9008
2020-09-03,NIFTY50,16426.25,14233.37,1.2499
2020-09-04,NIFTY50,16900.67,18840.81,-0.7929
2020-09-07,NIFTY50,14531.24,17165.96,0.3316
2020-09-08,NIFTY50,21914.8,16389.38,-2.4004
2020-09-09,NIFTY50,14314.34,20935.53,1.8301
2020-09-10,NIFTY50,19239.26,19973.95,-0.7807
2020-09-11,NIFTY50,17541.89,20862.12,0.8912
2020-09-14,NIFTY50,21591.33,17959.86,1.3523
2020-09-15,NIFTY50,15968.0,15047.45,-1.742
2020-09-16,NIFTY50,18256.69,19569.77,2.308
2020-09-17,NIFTY50,17858.85,15648.59,0.6973
2020-09-18,NIFTY50,19622.93,17529.84,-0.4276
2020-09-21,NIFTY50,14544.08,14520.01,-1.906
2020-09-22,NIFTY50,15550.31,20602.47,2.6538
2020-09-23,NIFTY50,15716.52,15007.53,1.5304
2020-09-24,NIFTY50,19905.21,21224.78,-1.7519
2020-09-25,NIFTY50,15513.11,20913.84,-0.9737
2020-09-28,NIFTY50,18587.93,17716.66,1.858
2020-09-29,NIFTY50,15721.95,19954.95,1.1741
2020-09-30,NIFTY50,20893.0,18955.56,1.5947
2020-10-01,NIFTY50,21537.48,20424.61,-0.3528
2020-10-02,NIFTY50,18147.94,17454.44,1.2989
2020-10-05,NIFTY50,16818.47,20286.47,-0.681
2020-10-06,NIFTY50,15872.46,17699.65,-1.7324
2020-10-07,NIFTY50,14398.25,21527.73,0.7961
2020-10-08,NIFTY50,16148.0,17890.98,2.8561
2020-10-09,NIFTY50,19233.89,17700.95,-1.1364
2020-10-12,NIFTY50,18268.94,20280.57,-0.2342
2020-10-13,NIFTY50,21552.33,20572.62,1.044
2020-10-14,NIFTY50,17170.22,18435.91,0.249
2020-10-15,NIFTY50,19550.91,15438.38,2.0606
2020-10-16,NIFTY50,17914.58,17742.07,1.5705
2020-10-19,NIFTY50,18100.61,21744.58,-2.6502
2020-10-20,NIFTY50,16142.19,20023.89,2.9905
2020-10-21,NIFTY50,17639.61,20489.3,1.5144
2020-10-22,NIFTY50,17766.28,14262.6,2.1834
2020-10-23,NIFTY50,19653.14,17742.88,0.9072
2020-10-26,NIFTY50,21525.12,19172.97,2.1377
2020-10-27,NIFTY50,16634.57,20640.26,-2.3257
2020-10-28,NIFTY50,14337.6,14394.19,-0.9136
2020-10-29,NIFTY50,17970.36,20819.51,2.2585
2020-10-30,NIFTY50,18355.69,18387.21,-1.7901
2020-11-02,NIFTY50,15347.52,15578.51,-2.5305
2020-11-03,NIFTY50,20083.72,16538.04,1.7287
2020-11-04,NIFTY50,21879.43,16255.44,2.0129
2020-11-05,NIFTY50,21566.2,18246.87,-2.0241
2020-11-06,NIFTY50,15576.85,14413.49,2.1261
2020-11-09,NIFTY50,21002.91,15268.29,1.1206
2020-11-10,NIFTY50,19635.95,20501.54,0.1205
2020-11-11,NIFTY50,17630.77,15060.83,1.9815
2020-11-12,NIFTY50,18324.89,15867.17,-0.4845
2020-11-13,NIFTY50,20796.8,17626.96,-1.836
2020-11-16,NIFTY50,17841.08,18136.97,-1.2909
2020-11-17,NIFTY50,16985.66,20108.88,0.031
2020-11-18,NIFTY50,17945.98,17578.66,0.188
2020-11-19,NIFTY50,18633.04,20318.92,1.8335
2020-11-20,NIFTY50,15512.62,18946.77,1.7481
2020-11-23,NIFTY50,21207.26,14904.8,0.4882
2020-11-24,NIFTY50,19393.5,15250.65,1.6847
2020-11-25,NIFTY50,19066.15,17496.27,-1.8494
2020-11-26,NIFTY50,14795.97,17175.12,-2.6996
2020-11-27,NIFTY50,18833.39,19948.35,2.2418
2020-11-30,NIFTY50,14967.69,18645.9,-2.5467
2020-12-01,NIFTY50,14629.58,17105.06,-1.5199
2020-12-02,NIFTY50,18218.49,15366.08,1.1719
2020-12-03,NIFTY50,17222.28,15814.7,-0.5433
2020-12-04,NIFTY50,18710.48,18604.01,2.2579
2020-12-07,NIFTY50,14713.78,17387.51,-1.2121
2020-12-08,NIFTY50,17447.86,18119.42,-2.9288
2020-12-09,NIFTY50,15398.29,15365.42,-1.1961
2020-12-10,NIFTY50,21896.8,19303.25,0.4685
2020-12-11,NIFTY50,18489.2,20820.31,-0.7444
2020-12-14,NIFTY50,19499.49,16063.52,0.2092
2020-12-15,NIFTY50,16603.35,17932.11,2.2596
2020-12-16,NIFTY50,14757.91,21804.22,2.4749
2020-12-17,NIFTY50,21806.97,16665.93,-1.4042
2020-12-18,NIFTY50,16290.07,18760.37,-0.2272
2020-12-21,NIFTY50,17390.47,14721.57,0.2949
2020-12-22,NIFTY50,19198.91,18848.12,2.6947
2020-12-23,NIFTY50,14197.58,14717.05,2.9917
2020-12-24,NIFTY50,20482.07,21673.88,-1.5876
2020-12-25,NIFTY50,18292.63,19725.3,1.3619
2020-12-28,NIFTY50,16225.74,20305.28,-0.7318
2020-12-29,NIFTY50,14492.86,19632.83,-2.9514
2020-12-30,NIFTY50,15299.99,18717.83,-2.9445
2020-12-31,NIFTY50,21160.27,17599.3,-0.2366
2021-01-01,NIFTY50,19488.19,20866.99,-0.07
2021-01-04,NIFTY50,15999.21,21654.69,-2.8646
2021-01-05,NIFTY50,14524.81,17992.29,1.1216
2021-01-06,NIFTY50,19524.92,21452.28,-1.236
2021-01-07,NIFTY50,18579.26,18666.66,0.3594
2021-01-08,NIFTY50,17236.16,18307.07,-1.1945
2021-01-11,NIFTY50,16908.89,17635.86,-1.9972
2021-01-12,NIFTY50,15734.51,15674.3,-0.557
2021-01-13,NIFTY50,19356.89,14029.76,-1.6064
2021-01-14,NIFTY50,21765.34,15932.05,0.2088
2021-01-15,NIFTY50,15405.72,18077.79,-1.807
2021-01-18,NIFTY50,18776.93,17039.68,0.0504
2021-01-19,NIFTY50,17393.48,17587.88,-2.0557
2021-01-20,NIFTY50,17573.51,21845.19,1.0258
2021-01-21,NIFTY50,16033.18,16802.18,1.5236
2021-01-22,NIFTY50,20601.08,17617.46,-2.3376
2021-01-25,NIFTY50,17882.04,15068.12,-0.1932
2021-01-26,NIFTY50,18347.25,14383.66,-2.5748
2021-01-27,NIFTY50,16438.09,20203.28,0.5891
2021-01-28,NIFTY50,15454.47,18565.47,-1.4136
2021-01-29,NIFTY50,14687.28,20085.64,0.1657
2021-02-01,NIFTY50,19712.95,15198.9,0.1048
2021-02-02,NIFTY50,15569.87,18574.63,2.5461
2021-02-03,NIFTY50,19520.6,16029.14,0.2945
2021-02-04,NIFTY50,17123.01,15824.49,0.498
2021-02-05,NIFTY50,17326.2,14092.21,-0.5901
2021-02-08,NIFTY50,17753.42,15042.73,2.6945
2021-02-09,NIFTY50,16941.67,16474.14,1.6631
2021-02-10,NIFTY50,14804.96,14935.03,-1.2876
2021-02-11,NIFTY50,16477.05,21886.87,2.0653
2021-02-12,NIFTY50,19309.87,16469.06,-0.4056
2021-02-15,NIFTY50,19326.28,15042.59,1.972
2021-02-16,NIFTY50,16289.79,15592.66,1.9373
2021-02-17,NIFTY50,17680.82,18701.63,-1.8668
2021-02-18,NIFTY50,15547.58,14512.35,1.2068
2021-02-19,NIFTY50,15682.98,20899.47,-1.2561
2021-02-22,NIFTY50,14184.38,21692.0,-1.215
2021-02-23,NIFTY50,21173.97,15973.98,-1.2219
2021-02-24,NIFTY50,15685.65,17600.76,1.3534
2021-02-25,NIFTY50,15820.27,14177.08,-1.621
2021-02-26,NIFTY50,16236.81,19125.68,-2.9946
2021-03-01,NIFTY50,15019.26,17311.41,1.2914
2021-03-02,NIFTY50,19114.1,16160.47,-1.9729
2021-03-03,NIFTY50,14601.14,15654.7,-2.3731
2021-03-04,NIFTY50,15073.62,19232.18,-1.5749
2021-03-05,NIFTY50,19158.05,17329.74,-0.7206
2021-03-08,NIFTY50,16717.28,15437.27,-0.1446
2021-03-09,NIFTY50,19663.58,19512.87,-2.7326
2021-03-10,NIFTY50,18459.4,18520.58,2.8234
2021-03-11,NIFTY50,16048.17,20869.38,1.2964
2021-03-12,NIFTY50,19206.62,14939.81,-1.0608
2021-03-15,NIFTY50,14930.19,20285.33,-1.0878
2021-03-16,NIFTY50,18291.28,19388.13,-0.3087
2021-03-17,NIFTY50,17497.18,14920.09,0.7575
2021-03-18,NIFTY50,16142.99,19558.57,-2.1218
2021-03-19,NIFTY50,18832.04,17532.38,-1.8664
2021-03-22,NIFTY50,20970.67,21559.88,2.1566
2021-03-23,NIFTY50,21991.24,15132.89,-1.4625
2021-03-24,NIFTY50,18862.1,19142.67,-0.7188
2021-03-25,NIFTY50,17237.65,17055.84,2.2276
2021-03-26,NIFTY50,15801.66,21654.52,0.9789
2021-03-29,NIFTY50,16056.77,16639.8,-0.9497
2021-03-30,NIFTY50,17835.64,21697.49,1.1022
2021-03-31,NIFTY50,16938.22,21211.89,-2.8819
2021-04-01,NIFTY50,21310.52,16163.07,1.4139
2021-04-02,NIFTY50,16946.36,20428.33,-0.0779
2021-04-05,NIFTY50,16987.56,21964.83,1.8791
2021-04-06,NIFTY50,17068.28,16021.3,2.7278
2021-04-07,NIFTY50,20692.96,17494.22,2.5547
2021-04-08,NIFTY50,19206.31,18161.45,2.4556
2021-04-09,NIFTY50,18913.35,16359.45,0.073
2021-04-12,NIFTY50,16673.14,14122.12,-0.8391
2021-04-13,NIFTY50,20543.23,15761.03,-0.2098
2021-04-14,NIFTY50,14306.91,16255.5,1.1394
2021-04-15,NIFTY50,20966.38,17548.8,2.304
2021-04-16,NIFTY50,18102.0,15368.82,-1.7581
2021-04-19,NIFTY50,17186.0,20986.03,2.5092
2021-04-20,NIFTY50,17977.34,19639.29,1.8911
2021-04-21,NIFTY50,19339.32,14681.6,2.8731
2021-04-22,NIFTY50,14102.12,19200.74,2.2815
2021-04-23,NIFTY50,20972.41,19229.25,-1.3204
2021-04-26,NIFTY50,17573.92,21649.77,-2.3643
2021-04-27,NIFTY50,16743.73,14024.17,-2.3266
2021-04-28,NIFTY50,15105.96,15983.46,-1.2527
2021-04-29,NIFTY50,17515.72,21422.33,0.6851
2021-04-30,NIFTY50,17970.58,21457.07,1.8259
2021-05-03,NIFTY50,17229.17,19764.69,2.3955
2021-05-04,NIFTY50,19429.28,20126.11,0.7425
2021-05-05,NIFTY50,17367.17,14731.86,-2.9662
2021-05-06,NIFTY50,21691.34,18111.01,-1.8821
2021-05-07,NIFTY50,18794.22,15852.66,-2.4016
2021-05-10,NIFTY50,20459.82,15449.74,-0.8201
2021-05-11,NIFTY50,14874.85,20482.43,0.0081
2021-05-12,NIFTY50,17178.33,15080.31,-2.7396
2021-05-13,NIFTY50,16694.78,17749.21,-0.9091
2021-05-14,NIFTY50,18555.86,21508.63,-1.9249
2021-05-17,NIFTY50,20888.91,15486.66,0.8824
2021-05-18,NIFTY50,14626.71,21823.95,-0.2144
2021-05-19,NIFTY50,14580.6,21954.3,-0.0281
2021-05-20,NIFTY50,20802.54,18444.94,-0.4338
2021-05-21,NIFTY50,15702.8,15361.14,2.7361
2021-05-24,NIFTY50,19350.03,16528.84,-1.7116
2021-05-25,NIFTY50,18343.03,17395.94,0.1
2021-05-26,NIFTY50,20663.15,16474.59,1.4161
2021-05-27,NIFTY50,15000.71,16245.08,0.3411
2021-05-28,NIFTY50,15038.26,21777.84,2.5741
2021-05-31,NIFTY50,18454.55,15226.92,-0.7322
2021-06-01,NIFTY50,21571.03,19866.62,-0.2179
2021-06-02,NIFTY50,17319.98,14003.28,-2.4689
2021-06-03,NIFTY50,16615.54,18769.46,0.654
2021-06-04,NIFTY50,18853.51,21327.54,-1.2707
2021-06-07,NIFTY50,21443.59,16303.47,-2.0381
2021-06-08,NIFTY50,20695.42,15484.21,0.2672
2021-06-09,NIFTY50,21963.87,19213.44,0.1939
2021-06-10,NIFTY50,14180.55,19700.81,-2.5448
2021-06-11,NIFTY50,14902.87,19504.24,1.1893
2021-06-14,NIFTY50,18875.74,16554.54,0.7426
2021-06-15,NIFTY50,20564.61,16017.62,-1.8659
2021-06-16,NIFTY50,16281.95,21647.35,-0.1834
2021-06-17,NIFTY50,15913.69,21386.4,1.3219
2021-06-18,NIFTY50,20295.81,17658.53,0.1766
2021-06-21,NIFTY50,14451.05,20769.55,-0.6271
2021-06-22,NIFTY50,16955.06,17618.59,-1.066
2021-06-23,NIFTY50,18046.47,17395.11,0.6624
2021-06-24,NIFTY50,18482.79,15254.1,2.6347
2021-06-25,NIFTY50,19828.92,17411.25,1.0305
2021-06-28,NIFTY50,16838.77,18299.34,-2.5515
2021-06-29,NIFTY50,18901.47,14180.03,-0.2359
2021-06-30,NIFTY50,18683.0,17552.9,2.3449
2021-07-01,NIFTY50,18380.93,20250.85,-2.4332
2021-07-02,NIFTY50,19123.87,19440.37,2.9333
2021-07-05,NIFTY50,16075.59,19081.26,2.6944
2021-07-06,NIFTY50,14677.19,21276.44,-2.5304
2021-07-07,NIFTY50,14954.17,14144.26,2.6005
2021-07-08,NIFTY50,15796.66,18456.38,-0.8212
2021-07-09,NIFTY50,18001.58,20298.79,2.0683
2021-07-12,NIFTY50,20723.54,18330.68,-0.4897
2021-07-13,NIFTY50,19610.35,16591.16,-0.3549
2021-07-14,NIFTY50,20312.32,15090.0,0.8055
2021-07-15,NIFTY50,16807.8,21100.5,1.6469
2021-07-16,NIFTY50,17237.23,17766.1,-2.7973
2021-07-19,NIFTY50,17149.46,21024.92,0.5589
2021-07-20,NIFTY50,15534.99,18686.82,-1.8796
2021-07-21,NIFTY50,14489.73,19393.54,-0.9243
2021-07-22,NIFTY50,18727.33,20434.09,-0.9122
2021-07-23,NIFTY50,21913.73,19273.24,-0.1856
2021-07-26,NIFTY50,15334.64,17184.44,-0.9952
2021-07-27,NIFTY50,14373.48,18109.07,-2.3558
2021-07-28,NIFTY50,20236.25,20424.36,-2.1262
2021-07-29,NIFTY50,16020.69,16989.2,-2.7994
2021-07-30,NIFTY50,20637.15,17104.97,-0.1785
2021-08-02,NIFTY50,19631.49,14765.52,2.7267
2021-08-03,NIFTY50,21565.39,21316.68,-2.3059
2021-08-04,NIFTY50,17271.42,14728.29,2.6776
2021-08-05,NIFTY50,19295.76,19185.67,1.4002
2021-08-06,NIFTY50,17718.84,17305.56,0.825
2021-08-09,NIFTY50,19044.71,17244.96,0.8717
2021-08-10,NIFTY50,17596.79,19436.41,1.9604
2021-08-11,NIFTY50,15509.06,14536.75,-2.3585
2021-08-12,NIFTY50,18063.18,18749.65,0.0285
2021-08-13,NIFTY50,18228.67,20176.25,1.1825
2021-08-16,NIFTY50,20484.83,20625.7,0.5209
2021-08-17,NIFTY50,19884.17,15364.24,1.9967
2021-08-18,NIFTY50,19310.33,21179.35,-2.5664
2021-08-19,NIFTY50,14907.1,19249.17,1.1442
2021-08-20,NIFTY50,19764.93,21054.84,0.2042
2021-08-23,NIFTY50,18002.44,17882.25,-0.725
2021-08-24,NIFTY50,21152.8,18336.27,-0.9584
2021-08-25,NIFTY50,21358.97,21352.31,0.725
2021-08-26,NIFTY50,14441.25,21199.28,2.346
2021-08-27,NIFTY50,20565.13,17585.29,-0.0229
2021-08-30,NIFTY50,14301.58,16195.3,1.9483
2021-08-31,NIFTY50,16937.36,17145.36,-0.5871
2021-09-01,NIFTY50,18338.4,17102.11,-2.3856
2021-09-02,NIFTY50,15184.81,16294.93,-2.631
2021-09-03,NIFTY50,19970.51,16148.64,-2.692
2021-09-06,NIFTY50,14066.84,20888.5,-0.7191
2021-09-07,NIFTY50,15348.79,14558.9,-0.9766
2021-09-08,NIFTY50,18646.37,19420.89,1.3076
2021-09-09,NIFTY50,19715.1,15382.56,1.4569
2021-09-10,NIFTY50,21333.14,16756.05,-2.6949
2021-09-13,NIFTY50,19643.97,14492.34,-1.6733
2021-09-14,NIFTY50,19374.23,16159.79,-1.3544
2021-09-15,NIFTY50,17154.73,20147.37,0.2857
2021-09-16,NIFTY50,14010.28,21080.12,-2.1329
2021-09-17,NIFTY50,14961.27,15772.22,-2.1964
2021-09-20,NIFTY50,18276.44,17708.38,2.6627
2021-09-21,NIFTY50,19401.04,17762.59,1.8252
2021-09-22,NIFTY50,17339.59,20988.6,-1.9161
2021-09-23,NIFTY50,19845.43,20102.39,-0.5606
2021-09-24,NIFTY50,18174.9,18104.62,-0.8663
2021-09-27,NIFTY50,14593.41,19365.98,1.746
2021-09-28,NIFTY50,15536.13,20778.84,0.0613
2021-09-29,NIFTY50,20719.99,14076.31,-2.2329
2021-09-30,NIFTY50,19799.3,17223.12,1.434
2021-10-01,NIFTY50,21158.1,21257.95,-0.6187
2021-10-04,NIFTY50,14940.46,19922.5,-1.4225
2021-10-05,NIFTY50,21921.78,18342.73,-0.747
2021-10-06,NIFTY50,15675.25,18237.16,-0.0135
2021-10-07,NIFTY50,14094.24,16782.16,-0.9413
2021-10-08,NIFTY50,21979.38,18164.16,-1.5486
2021-10-11,NIFTY50,16248.59,19243.07,-0.609
2021-10-12,NIFTY50,19344.16,17346.9,-2.885
2021-10-13,NIFTY50,15413.46,19713.23,1.635
2021-10-14,NIFTY50,18641.83,20889.86,-1.9743
2021-10-15,NIFTY50,21232.28,15237.48,-2.7366
2021-10-18,NIFTY50,16561.45,17612.38,0.9222
2021-10-19,NIFTY50,19362.03,17264.16,1.6436
2021-10-20,NIFTY50,15503.23,19499.72,1.883
2021-10-21,NIFTY50,18998.36,15998.94,-0.0389
2021-10-22,NIFTY50,16691.6,19122.01,-1.7678
2021-10-25,NIFTY50,15689.67,21019.91,1.4234
2021-10-26,NIFTY50,16505.46,17345.05,1.1983
2021-10-27,NIFTY50,15430.73,21288.13,-1.5224
2021-10-28,NIFTY50,21215.33,21945.31,2.4204
2021-10-29,NIFTY50,17177.5,14848.74,-2.3738
2021-11-01,NIFTY50,15962.23,15864.43,2.8961
2021-11-02,NIFTY50,17587.26,21603.04,2.1615
2021-11-03,NIFTY50,16564.29,21666.62,1.1274
2021-11-04,NIFTY50,19955.35,14781.66,2.6325
2021-11-05,NIFTY50,21769.76,14119.99,1.3339
2021-11-08,NIFTY50,17504.27,15288.8,-1.8573
2021-11-09,NIFTY50,20888.27,21968.1,-0.3471
2021-11-10,NIFTY50,18526.9,15440.0,-2.571
2021-11-11,NIFTY50,15257.89,18020.38,-0.6621
2021-11-12,NIFTY50,19524.98,20787.34,1.4496
2021-11-15,NIFTY50,18107.48,14163.21,-0.6813
2021-11-16,NIFTY50,19204.85,18835.91,-1.0182
2021-11-17,NIFTY50,21117.5,16216.2,0.5721
2021-11-18,NIFTY50,17523.48,20898.68,2.2332
2021-11-19,NIFTY50,21209.42,16267.69,-2.7145
2021-11-22,NIFTY50,20005.35,19494.05,-0.6872
2021-11-23,NIFTY50,17908.84,19393.76,-2.0506
2021-11-24,NIFTY50,18825.78,15771.95,1.1721
2021-11-25,NIFTY50,16604.65,14278.39,-2.3657
2021-11-26,NIFTY50,21868.78,17274.0,0.9888
2021-11-29,NIFTY50,19338.81,16313.55,-1.2829
2021-11-30,NIFTY50,14350.77,20471.82,-1.8065
2021-12-01,NIFTY50,16612.98,20402.91,2.6181
2021-12-02,NIFTY50,18986.52,17656.19,-2.8889
2021-12-03,NIFTY50,14450.67,18852.1,-0.3733
2021-12-06,NIFTY50,14191.07,18834.08,-2.8702
2021-12-07,NIFTY50,17600.19,20617.27,-0.0984
2021-12-08,NIFTY50,16661.52,17400.02,0.0063
2021-12-09,NIFTY50,17506.39,16203.57,-1.07
2021-12-10,NIFTY50,16101.55,16120.28,-2.207
2021-12-13,NIFTY50,15317.74,18289.54,-0.7417
2021-12-14,NIFTY50,19513.15,17593.19,1.0336
2021-12-15,NIFTY50,18116.57,17520.97,1.6944
2021-12-16,NIFTY50,15601.23,14729.1,0.1845
2021-12-17,NIFTY50,16556.72,19748.83,0.539
2021-12-20,NIFTY50,18734.46,15709.89,-1.7963
2021-12-21,NIFTY50,14577.83,15575.63,-1.276
2021-12-22,NIFTY50,15179.62,17302.07,-2.0286
2021-12-23,NIFTY50,14585.96,15822.23,-1.5042
2021-12-24,NIFTY50,20498.54,18670.87,-1.6507
2021-12-27,NIFTY50,20019.27,16971.71,0.1167
2021-12-28,NIFTY50,20026.5,17591.29,0.3761
2021-12-29,NIFTY50,19730.6,18297.35,2.6697
2021-12-30,NIFTY50,19355.08,15628.28,-1.8266
2021-12-31,NIFTY50,17815.94,15246.01,0.8501
2022-01-03,NIFTY50,19138.23,21043.38,1.9036
2022-01-04,NIFTY50,14306.89,17469.79,0.3614
2022-01-05,NIFTY50,18971.72,17296.75,-1.47
2022-01-06,NIFTY50,20223.02,14284.9,-1.4247
2022-01-07,NIFTY50,18002.87,17983.81,-2.7645
2022-01-10,NIFTY50,16860.11,18433.36,-1.1673
2022-01-11,NIFTY50,16219.41,18470.73,1.4676
2022-01-12,NIFTY50,19142.42,19656.25,-2.7149
2022-01-13,NIFTY50,19542.41,15419.85,-1.6842
2022-01-14,NIFTY50,20967.74,16017.79,1.2374
2022-01-17,NIFTY50,16738.67,20485.84,1.6959
2022-01-18,NIFTY50,20158.18,21577.36,-0.2681
2022-01-19,NIFTY50,18490.85,15087.46,1.1884
2022-01-20,NIFTY50,21062.69,17981.2,-0.6723
2022-01-21,NIFTY50,18222.5,15713.41,-2.0405
2022-01-24,NIFTY50,18141.04,14480.59,-0.6111
2022-01-25,NIFTY50,18623.02,16604.03,0.4798
2022-01-26,NIFTY50,19994.52,15149.5,2.6883
2022-01-27,NIFTY50,21717.52,19679.46,-2.5875
2022-01-28,NIFTY50,14588.51,18269.8,0.0444
2022-01-31,NIFTY50,14427.48,15150.68,-1.0265
2022-02-01,NIFTY50,21500.4,14073.93,0.0499
2022-02-02,NIFTY50,18239.01,20465.26,-2.8561
2022-02-03,NIFTY50,18919.22,15409.56,-1.1218
2022-02-04,NIFTY50,17859.39,18849.73,1.9192
2022-02-07,NIFTY50,14749.26,16695.38,0.3237
2022-02-08,NIFTY50,20144.72,18683.89,-0.2965
2022-02-09,NIFTY50,19977.8,16525.23,-1.2868
2022-02-10,NIFTY50,16493.63,14695.52,-1.2117
2022-02-11,NIFTY50,16449.91,15783.6,-0.7014
2022-02-14,NIFTY50,20702.73,15504.47,2.0134
2022-02-15,NIFTY50,14578.86,17424.15,2.8033
2022-02-16,NIFTY50,21048.84,19266.27,-0.3681
2022-02-17,NIFTY50,16053.29,16110.45,-0.6399
2022-02-18,NIFTY50,18743.88,14096.56,2.0793
2022-02-21,NIFTY50,21487.95,18151.5,-0.4386
2022-02-22,NIFTY50,19424.98,18846.08,0.3121
2022-02-23,NIFTY50,17315.44,21702.96,-1.6144
2022-02-24,NIFTY50,19516.27,18715.77,1.461
2022-02-25,NIFTY50,16751.84,17769.38,0.1919
2022-02-28,NIFTY50,16218.07,18587.21,1.8542
2022-03-01,NIFTY50,21973.47,21423.21,1.6844
2022-03-02,NIFTY50,20006.32,20627.03,-1.71
2022-03-03,NIFTY50,19157.76,16583.83,1.2938
2022-03-04,NIFTY50,16842.32,15898.03,1.8003
2022-03-07,NIFTY50,14393.29,16101.07,-0.9234
2022-03-08,NIFTY50,14248.46,18035.37,-1.9643
2022-03-09,NIFTY50,18433.45,19952.4,-2.9842
2022-03-10,NIFTY50,20096.26,18025.75,-0.2946
2022-03-11,NIFTY50,18299.03,14542.37,-0.8854
2022-03-14,NIFTY50,20726.28,19788.65,0.3295
2022-03-15,NIFTY50,14267.41,20447.76,-1.8718
2022-03-16,NIFTY50,16934.02,16315.98,2.158
2022-03-17,NIFTY50,15896.56,19313.01,-1.4535
2022-03-18,NIFTY50,17578.18,17412.74,-1.6414
2022-03-21,NIFTY50,14579.01,21112.95,-0.1157
2022-03-22,NIFTY50,21633.05,20761.8,-0.0069
2022-03-23,NIFTY50,15786.04,18203.46,-1.7095
2022-03-24,NIFTY50,21378.46,19532.04,-1.3688
2022-03-25,NIFTY50,17407.15,21066.8,-1.9818
2022-03-28,NIFTY50,21884.19,17965.74,1.3108
2022-03-29,NIFTY50,18432.47,16506.01,1.6205
2022-03-30,NIFTY50,21446.66,20029.33,-0.226
2022-03-31,NIFTY50,14042.79,15760.53,1.2845
2022-04-01,NIFTY50,19985.91,17108.25,1.4156
2022-04-04,NIFTY50,21224.41,20925.82,-2.1703
2022-04-05,NIFTY50,15117.76,19795.38,2.7971
2022-04-06,NIFTY50,14769.01,17230.49,1.9262
2022-04-07,NIFTY50,17396.58,15717.96,-1.7731
2022-04-08,NIFTY50,21469.43,16847.75,-1.883
2022-04-11,NIFTY50,18339.09,16272.83,-2.246
2022-04-12,NIFTY50,18219.65,15408.71,-2.1697
2022-04-13,NIFTY50,15129.01,19946.66,1.489
2022-04-14,NIFTY50,14006.32,16016.56,-0.1821
2022-04-15,NIFTY50,20481.12,17633.34,1.6976
2022-04-18,NIFTY50,14700.6,17086.88,1.4775
2022-04-19,NIFTY50,19070.8,21856.62,0.6277
2022-04-20,NIFTY50,21316.93,17128.74,1.1182
2022-04-21,NIFTY50,15669.22,14639.86,-2.8899
2022-04-22,NIFTY50,19322.18,14718.61,-1.1293
2022-04-25,NIFTY50,14629.59,18726.03,0.8269
2022-04-26,NIFTY50,18830.04,18794.91,-2.9439
2022-04-27,NIFTY50,15311.45,17350.07,-2.8021
2022-04-28,NIFTY50,19887.63,17454.75,2.1113
2022-04-29,NIFTY50,16409.85,14431.46,1.1041
2022-05-02,NIFTY50,17707.13,18132.37,-1.4078
2022-05-03,NIFTY50,18795.44,18037.92,1.1278
2022-05-04,NIFTY50,15370.19,15196.39,1.7547
2022-05-05,NIFTY50,19933.1,14830.72,-1.1592
2022-05-06,NIFTY50,16421.12,14988.58,-2.7838
2022-05-09,NIFTY50,19298.97,14808.23,2.5967
2022-05-10,NIFTY50,15266.26,18877.67,-0.9289
2022-05-11,NIFTY50,19504.94,15571.86,-2.3611
2022-05-12,NIFTY50,15025.5,16011.44,-0.0489
2022-05-13,NIFTY50,17402.85,15388.58,1.6108
2022-05-16,NIFTY50,15977.65,21662.68,-1.6701
2022-05-17,NIFTY50,19987.0,20836.94,-1.3831
2022-05-18,NIFTY50,16096.28,15843.96,-1.5437
2022-05-19,NIFTY50,21053.74,16620.53,2.95
2022-05-20,NIFTY50,21134.56,15679.14,-1.8156
2022-05-23,NIFTY50,15571.53,17935.01,0.4531
2022-05-24,NIFTY50,18910.77,14156.88,2.5516
2022-05-25,NIFTY50,14701.74,19370.94,-2.1186
2022-05-26,NIFTY50,17132.3,18185.27,2.8251
2022-05-27,NIFTY50,19706.57,21189.11,2.6849
2022-05-30,NIFTY50,19275.39,15315.14,2.3074
2022-05-31,NIFTY50,18997.61,20432.87,-1.7127
2022-06-01,NIFTY50,16260.33,20335.69,0.8043
2022-06-02,NIFTY50,17024.2,15017.45,1.5653
2022-06-03,NIFTY50,14823.57,17188.47,2.9162
2022-06-06,NIFTY50,19752.18,15361.22,-1.9175
2022-06-07,NIFTY50,18031.11,16037.76,1.5962
2022-06-08,NIFTY50,19670.13,16105.97,-0.9672
2022-06-09,NIFTY50,15991.55,18449.89,-1.9462
2022-06-10,NIFTY50,16595.51,17291.29,-0.4717
2022-06-13,NIFTY50,16673.72,21581.86,1.763
2022-06-14,NIFTY50,14205.94,15010.96,-0.2109
2022-06-15,NIFTY50,16728.38,21789.54,0.2251
2022-06-16,NIFTY50,20426.44,15845.11,2.971
2022-06-17,NIFTY50,21178.39,20182.99,-0.6053
2022-06-20,NIFTY50,18145.75,16711.76,0.6924
2022-06-21,NIFTY50,17644.01,15144.65,-0.8085
2022-06-22,NIFTY50,14246.6,20863.11,-0.6433
2022-06-23,NIFTY50,21033.63,16470.89,1.1738
2022-06-24,NIFTY50,14104.08,19270.84,2.6273
2022-06-27,NIFTY50,21558.0,18531.55,0.2542
2022-06-28,NIFTY50,17913.73,17774.05,1.6104
2022-06-29,NIFTY50,16735.48,17966.56,-2.4648
2022-06-30,NIFTY50,21393.75,19857.9,-1.7331
2022-07-01,NIFTY50,14195.13,14702.18,0.0128
2022-07-04,NIFTY50,18651.4,19345.45,-2.8799
2022-07-05,NIFTY50,18391.46,21166.5,-1.4829
2022-07-06,NIFTY50,15754.56,14462.31,0.1044
2022-07-07,NIFTY50,17431.1,15125.23,-2.9102
2022-07-08,NIFTY50,19218.11,19733.06,-1.4127
2022-07-11,NIFTY50,19817.05,17498.25,0.0842
2022-07-12,NIFTY50,14005.73,17228.39,0.4389
2022-07-13,NIFTY50,21494.83,15095.73,2.5545
2022-07-14,NIFTY50,15316.2,18054.16,0.8721
2022-07-15,NIFTY50,15868.64,15012.36,-0.5116
2022-07-18,NIFTY50,16107.79,17812.96,2.5821
2022-07-19,NIFTY50,14302.56,20108.92,1.7093
2022-07-20,NIFTY50,14984.42,16066.11,-1.7999
2022-07-21,NIFTY50,21890.8,17846.29,-2.2149
2022-07-22,NIFTY50,16521.73,21936.13,1.0549
2022-07-25,NIFTY50,14922.41,19493.2,0.3593
2022-07-26,NIFTY50,14855.93,20730.85,1.738
2022-07-27,NIFTY50,19755.68,17318.78,1.4328
2022-07-28,NIFTY50,20836.55,20142.89,0.7513
2022-07-29,NIFTY50,16055.62,14324.07,2.9183
2022-08-01,NIFTY50,14167.28,14983.29,0.2015
2022-08-02,NIFTY50,15784.72,15624.56,-2.3214
2022-08-03,NIFTY50,14452.13,17215.62,1.9696
2022-08-04,NIFTY50,14827.16,20765.96,-1.4889
2022-08-05,NIFTY50,17452.06,16770.13,1.6638
2022-08-08,NIFTY50,15839.35,19236.97,2.7426
2022-08-09,NIFTY50,18127.57,19674.51,1.1808
2022-08-10,NIFTY50,16027.95,18689.46,0.5762
2022-08-11,NIFTY50,21524.3,16857.94,-0.2377
2022-08-12,NIFTY50,21247.55,18616.43,-0.8135
2022-08-15,NIFTY50,18534.45,16738.12,-0.882
2022-08-16,NIFTY50,16835.39,14670.99,0.8182
2022-08-17,NIFTY50,17049.18,21942.43,1.5076
2022-08-18,NIFTY50,17294.82,15017.46,1.0711
2022-08-19,NIFTY50,19820.63,14578.79,-1.8095
2022-08-22,NIFTY50,17613.11,21028.25,-0.0361
2022-08-23,NIFTY50,20853.84,16414.68,1.7498
2022-08-24,NIFTY50,21552.76,19202.38,-0.1458
2022-08-25,NIFTY50,16687.57,16632.05,0.2197
2022-08-26,NIFTY50,18485.56,17131.63,1.6268
2022-08-29,NIFTY50,14760.45,16096.9,0.9676
2022-08-30,NIFTY50,15603.75,16744.35,-0.5439
2022-08-31,NIFTY50,17307.73,17285.6,2.3725
2022-09-01,NIFTY50,15649.62,19763.33,-2.0246
2022-09-02,NIFTY50,21012.48,18092.29,2.9731
2022-09-05,NIFTY50,15266.29,21548.52,-2.2869
2022-09-06,NIFTY50,17645.29,14335.04,-2.9103
2022-09-07,NIFTY50,18845.59,18024.55,2.3401
2022-09-08,NIFTY50,19534.91,18673.8,-1.5303
2022-09-09,NIFTY50,17064.55,21361.58,1.3782
2022-09-12,NIFTY50,20952.79,14393.27,1.8661
2022-09-13,NIFTY50,18546.55,18588.0,2.1539
2022-09-14,NIFTY50,17516.06,20829.04,2.9496
2022-09-15,NIFTY50,14537.93,15935.42,-1.2358
2022-09-16,NIFTY50,17717.52,21010.34,1.2615
2022-09-19,NIFTY50,20565.89,14152.35,-2.3076
2022-09-20,NIFTY50,18916.33,19859.64,-0.5591
2022-09-21,NIFTY50,20657.3,21464.91,2.0878
2022-09-22,NIFTY50,17952.09,19257.58,-0.7941
2022-09-23,NIFTY50,14947.69,17512.23,0.5466
2022-09-26,NIFTY50,14109.12,14359.05,0.0226
2022-09-27,NIFTY50,16425.76,21360.91,0.8757
2022-09-28,NIFTY50,19583.92,17762.37,2.8374
2022-09-29,NIFTY50,20322.08,14231.97,-2.6656
2022-09-30,NIFTY50,16366.02,19518.57,0.4438
2022-10-03,NIFTY50,17965.23,17854.7,2.1782
2022-10-04,NIFTY50,17368.95,14994.76,-0.1117
2022-10-05,NIFTY50,17284.18,15714.17,-2.5288
2022-10-06,NIFTY50,15850.79,14515.93,0.3632
2022-10-07,NIFTY50,15090.97,18594.35,-1.0076
2022-10-10,NIFTY50,15573.51,18976.24,-2.0703
2022-10-11,NIFTY50,14442.66,18045.94,2.0942
2022-10-12,NIFTY50,15585.05,20536.82,0.1296
2022-10-13,NIFTY50,14073.61,20888.07,2.5997
2022-10-14,NIFTY50,19018.07,18925.0,1.8361
2022-10-17,NIFTY50,16531.0,14102.05,1.1578
2022-10-18,NIFTY50,21785.16,19561.84,-2.9698
2022-10-19,NIFTY50,15549.74,17343.99,-0.4331
2022-10-20,NIFTY50,16766.63,18524.46,-1.8151
2022-10-21,NIFTY50,16862.73,19192.64,2.4648
2022-10-24,NIFTY50,14067.61,16801.89,-1.9525
2022-10-25,NIFTY50,20713.66,21336.79,-1.2836
2022-10-26,NIFTY50,14255.96,15071.8,0.101
2022-10-27,NIFTY50,21521.44,19372.09,-1.4198
2022-10-28,NIFTY50,21136.59,14034.88,-1.7408
2022-10-31,NIFTY50,18284.18,21397.21,0.5946
2022-11-01,NIFTY50,18348.76,14900.03,-2.4664
2022-11-02,NIFTY50,19230.22,14759.07,-2.651
2022-11-03,NIFTY50,17096.4,16664.06,-0.7665
2022-11-04,NIFTY50,19177.78,16988.53,1.324
2022-11-07,NIFTY50,14358.15,15714.4,0.3288
2022-11-08,NIFTY50,14432.38,18680.97,-0.4627
2022-11-09,NIFTY50,17657.84,17543.31,0.3945
2022-11-10,NIFTY50,18396.98,14273.4,-0.8073
2022-11-11,NIFTY50,21102.54,16557.22,2.6169
2022-11-14,NIFTY50,14837.29,20483.46,-2.6706
2022-11-15,NIFTY50,20581.18,19517.61,1.0403
2022-11-16,NIFTY50,15680.38,19798.97,2.3477
2022-11-17,NIFTY50,17152.67,19584.94,1.8233
2022-11-18,NIFTY50,16532.82,16487.78,-1.8958
2022-11-21,NIFTY50,17201.24,14797.31,-1.2244
2022-11-22,NIFTY50,15203.96,16179.74,1.3023
2022-11-23,NIFTY50,18028.56,20654.28,-2.4944
2022-11-24,NIFTY50,20413.14,21843.77,1.8712
2022-11-25,NIFTY50,17532.27,17950.78,1.3134
2022-11-28,NIFTY50,17924.91,14077.6,1.3776
2022-11-29,NIFTY50,20790.14,15120.36,-2.3986
2022-11-30,NIFTY50,19648.46,16576.64,1.3066
2022-12-01,NIFTY50,17923.64,18628.68,1.0789
2022-12-02,NIFTY50,16061.57,14600.75,1.9855
2022-12-05,NIFTY50,21079.41,21546.86,-2.7504
2022-12-06,NIFTY50,18616.16,16920.67,-2.8613
2022-12-07,NIFTY50,15769.18,21300.67,-0.762
2022-12-08,NIFTY50,16152.96,20244.17,-2.1073
2022-12-09,NIFTY50,20425.06,20043.5,0.3503
2022-12-12,NIFTY50,14353.16,18853.76,2.5041
2022-12-13,NIFTY50,21936.74,19014.27,-0.6511
2022-12-14,NIFTY50,15042.81,19104.03,2.0697
2022-12-15,NIFTY50,20368.55,19029.77,-2.9986
2022-12-16,NIFTY50,17158.2,18429.83,-1.9889
2022-12-19,NIFTY50,17937.73,21891.31,-2.8175
2022-12-20,NIFTY50,21045.2,19858.32,-1.0311
2022-12-21,NIFTY50,17303.29,20215.57,2.4491
2022-12-22,NIFTY50,18299.95,20979.7,-2.4183
2022-12-23,NIFTY50,14394.4,15725.12,0.6385
2022-12-26,NIFTY50,14018.78,14670.43,-0.291
2022-12-27,NIFTY50,15958.4,17863.16,2.6308
2022-12-28,NIFTY50,19444.66,18112.65,-2.2649
2022-12-29,NIFTY50,14970.12,20633.45,-1.7278
2022-12-30,NIFTY50,14910.1,17550.27,-2.8227
2023-01-02,NIFTY50,17287.68,18566.82,-0.3964
2023-01-03,NIFTY50,19182.7,18216.57,-1.333
2023-01-04,NIFTY50,19696.58,14305.62,2.2194
2023-01-05,NIFTY50,15427.61,18921.72,0.6296
2023-01-06,NIFTY50,14636.71,20624.35,0.6845
2023-01-09,NIFTY50,21523.18,15260.0,0.1915
2023-01-10,NIFTY50,16085.33,18754.65,-2.4489
2023-01-11,NIFTY50,20826.77,18748.88,-0.3299
2023-01-12,NIFTY50,20907.93,15313.48,2.997
2023-01-13,NIFTY50,20180.18,14987.71,2.0114
2023-01-16,NIFTY50,15350.67,21840.42,2.3608
2023-01-17,NIFTY50,20574.41,17149.75,1.9394
2023-01-18,NIFTY50,20154.0,15819.37,-2.3817
2023-01-19,NIFTY50,18773.78,15370.6,-1.6353
2023-01-20,NIFTY50,16697.62,19340.81,-2.9813
2023-01-23,NIFTY50,16100.07,18875.56,-1.1789
2023-01-24,NIFTY50,14975.11,19148.42,-2.3484
2023-01-25,NIFTY50,18078.06,14704.05,-0.1632
2023-01-26,NIFTY50,18682.09,21148.28,1.0628
2023-01-27,NIFTY50,16874.71,17114.13,2.247
2023-01-30,NIFTY50,17802.87,16506.96,1.4953
2023-01-31,NIFTY50,16908.12,17698.89,2.6315
2023-02-01,NIFTY50,19128.05,17120.53,-2.6766
2023-02-02,NIFTY50,21210.07,20908.62,-2.9269
2023-02-03,NIFTY50,15311.36,21434.09,0.968
2023-02-06,NIFTY50,17051.27,16427.63,-1.2639
2023-02-07,NIFTY50,15126.95,20911.49,-1.479
2023-02-08,NIFTY50,18999.55,20252.19,-1.0147
2023-02-09,NIFTY50,19830.96,21446.46,-1.3812
2023-02-10,NIFTY50,21455.3,15966.0,0.0686
2023-02-13,NIFTY50,16230.98,18615.67,-0.3591
2023-02-14,NIFTY50,21601.69,16196.36,0.0746
2023-02-15,NIFTY50,14506.1,20592.76,1.0363
2023-02-16,NIFTY50,18824.11,14042.59,-0.6772
2023-02-17,NIFTY50,14457.06,18518.55,-1.4922
2023-02-20,NIFTY50,21150.19,16713.63,-2.0028
2023-02-21,NIFTY50,18238.47,16581.47,-0.9032
2023-02-22,NIFTY50,19354.79,19159.25,1.4508
2023-02-23,NIFTY50,20652.59,20811.88,1.5402
2023-02-24,NIFTY50,15202.48,18873.56,1.0014
2023-02-27,NIFTY50,14308.73,20825.38,-1.5958
2023-02-28,NIFTY50,21031.05,16116.78,0.5285
2023-03-01,NIFTY50,16519.47,18156.01,0.4241
2023-03-02,NIFTY50,15031.83,17604.29,-0.0944
2023-03-03,NIFTY50,17747.69,14093.16,0.2999
2023-03-06,NIFTY50,18786.45,18454.5,-0.0493
2023-03-07,NIFTY50,14247.76,19292.19,0.3927
2023-03-08,NIFTY50,16199.17,18735.32,1.293
2023-03-09,NIFTY50,14262.4,19890.24,-2.3422
2023-03-10,NIFTY50,17362.68,18570.72,1.4978
2023-03-13,NIFTY50,21160.8,14534.0,-2.1847
2023-03-14,NIFTY50,21861.22,14931.56,-2.6002
2023-03-15,NIFTY50,19096.38,18771.8,2.8565
2023-03-16,NIFTY50,15293.1,16199.83,2.742
2023-03-17,NIFTY50,21246.8,14637.16,-2.6374
2023-03-20,NIFTY50,18129.98,17436.82,-0.3405
2023-03-21,NIFTY50,15229.99,18434.58,-1.8825
2023-03-22,NIFTY50,21373.81,16629.97,-0.0879
2023-03-23,NIFTY50,20059.75,19763.47,1.9811
2023-03-24,NIFTY50,19853.64,19150.16,2.7037
2023-03-27,NIFTY50,19673.45,16662.55,0.8055
2023-03-28,NIFTY50,15602.72,20038.98,-0.8766
2023-03-29,NIFTY50,15688.05,19189.56,0.62
2023-03-30,NIFTY50,19506.34,19099.56,-1.128
2023-03-31,NIFTY50,15757.78,18427.42,2.4589
2023-04-03,NIFTY50,17509.37,14091.12,2.2224
2023-04-04,NIFTY50,20256.01,19572.06,0.3494
2023-04-05,NIFTY50,20271.62,17008.33,-1.0512
2023-04-06,NIFTY50,17626.09,21540.88,-1.2397
2023-04-07,NIFTY50,20337.52,20543.88,-2.7995
2023-04-10,NIFTY50,20708.97,18701.56,1.8949
2023-04-11,NIFTY50,19238.21,16017.46,-0.2977
2023-04-12,NIFTY50,15827.41,15629.74,-1.0492
2023-04-13,NIFTY50,16192.09,16723.08,-0.1733
2023-04-14,NIFTY50,16518.73,17812.54,1.9124
2023-04-17,NIFTY50,14934.43,16368.52,-2.2523
2023-04-18,NIFTY50,16185.28,18119.44,2.1459
2023-04-19,NIFTY50,15676.15,15322.96,2.3851
2023-04-20,NIFTY50,17642.63,21821.7,2.6802
2023-04-21,NIFTY50,21267.5,14863.4,-0.6151
2023-04-24,NIFTY50,14835.84,21455.55,-1.6972
2023-04-25,NIFTY50,19762.14,21308.62,-0.7582
2023-04-26,NIFTY50,19498.26,18202.88,-1.0025
2023-04-27,NIFTY50,14766.03,19799.28,-1.9431
2023-04-28,NIFTY50,21380.58,17488.39,0.6436
2023-05-01,NIFTY50,18547.78,19040.28,-0.1403
2023-05-02,NIFTY50,16909.8,16724.61,2.1942
2023-05-03,NIFTY50,20052.31,16409.27,-2.8073
2023-05-04,NIFTY50,16058.92,18625.84,0.8632
2023-05-05,NIFTY50,19548.08,17985.04,1.5777
2023-05-08,NIFTY50,14317.69,18636.29,1.5569
2023-05-09,NIFTY50,20715.26,16293.28,2.3164
2023-05-10,NIFTY50,17585.37,16935.66,1.3742
2023-05-11,NIFTY50,19093.54,14671.18,2.5669
2023-05-12,NIFTY50,15769.9,14418.21,-1.0041
2023-05-15,NIFTY50,19416.59,16027.66,0.0193
2023-05-16,NIFTY50,20177.92,14593.97,-2.9155
2023-05-17,NIFTY50,17785.71,14830.2,-2.9583
2023-05-18,NIFTY50,18941.82,20503.43,-1.5592
2023-05-19,NIFTY50,17650.61,14310.99,-2.3952
2023-05-22,NIFTY50,21152.73,19271.54,-1.4387
2023-05-23,NIFTY50,17982.95,16180.46,-1.9377
2023-05-24,NIFTY50,20734.47,20972.37,-2.8289
2023-05-25,NIFTY50,20410.82,17879.94,2.4558
2023-05-26,NIFTY50,17284.04,16444.61,-2.9507
2023-05-29,NIFTY50,15840.68,18141.11,1.4165
2023-05-30,NIFTY50,17248.66,17055.66,-2.0871
2023-05-31,NIFTY50,20609.74,18514.41,2.4734
2023-06-01,NIFTY50,15821.06,14916.26,2.3568
2023-06-02,NIFTY50,18195.49,21975.92,0.9234
2023-06-05,NIFTY50,20448.77,17404.45,1.0334
2023-06-06,NIFTY50,16827.82,16785.85,-2.968
2023-06-07,NIFTY50,19137.68,19681.68,2.9092
2023-06-08,NIFTY50,15965.05,16911.2,2.267
2023-06-09,NIFTY50,14874.24,20666.19,2.3706
2023-06-12,NIFTY50,20355.07,17634.17,0.9555
2023-06-13,NIFTY50,14791.75,19756.47,-0.9313
2023-06-14,NIFTY50,16171.05,14859.63,2.3619
2023-06-15,NIFTY50,20840.88,20768.95,-1.2509
2023-06-16,NIFTY50,16771.75,19885.74,0.3763
2023-06-19,NIFTY50,21784.36,15693.73,-2.4016
2023-06-20,NIFTY50,21837.87,15162.29,2.5317
2023-06-21,NIFTY50,16146.21,16530.34,-2.1554
2023-06-22,NIFTY50,14327.83,21808.56,-1.6506
2023-06-23,NIFTY50,19640.51,16054.65,0.3488
2023-06-26,NIFTY50,17607.89,17649.02,1.5846
2023-06-27,NIFTY50,14806.02,14240.16,0.7161
2023-06-28,NIFTY50,19660.18,17177.82,-1.6072
2023-06-29,NIFTY50,14249.4,18570.56,-2.9943
2023-06-30,NIFTY50,20961.57,21625.0,1.5429
2023-07-03,NIFTY50,15109.22,18133.89,2.9112
2023-07-04,NIFTY50,15018.5,20552.86,1.8595
2023-07-05,NIFTY50,15405.38,18377.02,-0.2388
2023-07-06,NIFTY50,21682.13,14326.28,2.4226
2023-07-07,NIFTY50,19545.35,16520.07,-0.5409
2023-07-10,NIFTY50,20410.97,18604.4,0.1496
2023-07-11,NIFTY50,17181.08,21604.75,-0.1372
2023-07-12,NIFTY50,16690.5,20873.04,-0.3143
2023-07-13,NIFTY50,15875.87,15826.84,1.6511
2023-07-14,NIFTY50,17845.18,15760.88,0.1606
2023-07-17,NIFTY50,18414.63,15609.38,-1.0997
2023-07-18,NIFTY50,19054.2,21379.99,-1.4511
2023-07-19,NIFTY50,16056.95,20821.33,-2.7735
2023-07-20,NIFTY50,21589.23,20199.07,0.4992
2023-07-21,NIFTY50,15358.07,17141.88,-1.6202
2023-07-24,NIFTY50,21725.23,18035.05,-2.1112
2023-07-25,NIFTY50,14118.85,17714.65,0.923
2023-07-26,NIFTY50,17849.01,16027.18,1.0873
2023-07-27,NIFTY50,16666.94,18040.22,1.5129
2023-07-28,NIFTY50,17592.99,14243.97,0.0215
2023-07-31,NIFTY50,18565.32,15054.48,2.3643
2023-08-01,NIFTY50,17484.71,21092.72,2.6181
2023-08-02,NIFTY50,17318.77,20013.44,1.8442
2023-08-03,NIFTY50,19861.79,17382.95,0.8136
2023-08-04,NIFTY50,19487.01,18137.2,-1.1777
2023-08-07,NIFTY50,20666.17,16959.99,2.8977
2023-08-08,NIFTY50,15999.67,19926.24,-1.3552
2023-08-09,NIFTY50,18876.23,20273.5,-1.7841
2023-08-10,NIFTY50,18681.56,20106.28,-0.3471
2023-08-11,NIFTY50,16957.9,19780.89,-2.659
2023-08-14,NIFTY50,17888.46,15636.03,2.871
2023-08-15,NIFTY50,16510.26,16703.76,0.5306
2023-08-16,NIFTY50,15134.76,17758.76,0.3417
2023-08-17,NIFTY50,15710.41,16646.34,0.9348
2023-08-18,NIFTY50,14844.11,20039.52,-0.0179
2023-08-21,NIFTY50,19464.56,16634.83,-2.8076
2023-08-22,NIFTY50,19285.82,15105.86,0.6739
2023-08-23,NIFTY50,21604.85,17192.32,1.297
2023-08-24,NIFTY50,19837.43,21839.32,-0.4995
2023-08-25,NIFTY50,14416.37,15807.05,1.5438
2023-08-28,NIFTY50,21073.96,18897.27,-1.638
2023-08-29,NIFTY50,20901.4,17463.78,-1.6723
2023-08-30,NIFTY50,17546.56,14568.2,-2.0315
2023-08-31,NIFTY50,18686.9,17903.01,-0.768
2023-09-01,NIFTY50,21808.63,19617.31,2.0821
2023-09-04,NIFTY50,18258.43,18105.76,1.9675
2023-09-05,NIFTY50,21242.57,20976.85,-0.7031
2023-09-06,NIFTY50,14664.31,16311.5,0.5347
2023-09-07,NIFTY50,15528.41,14689.99,1.3249
2023-09-08,NIFTY50,17526.04,21492.52,-1.5528
2023-09-11,NIFTY50,18678.05,17025.57,-1.9912
2023-09-12,NIFTY50,20529.82,18611.24,2.8326
2023-09-13,NIFTY50,21906.1,20336.03,0.7053
2023-09-14,NIFTY50,17110.81,16594.51,2.8885
2023-09-15,NIFTY50,14379.33,19729.32,-0.9735
2023-09-18,NIFTY50,20409.37,15083.35,1.2182
2023-09-19,NIFTY50,18835.05,16330.35,-1.6644
2023-09-20,NIFTY50,15588.34,15157.69,-1.4328
2023-09-21,NIFTY50,17958.63,20489.84,0.0714
2023-09-22,NIFTY50,19938.48,15781.19,-1.0823
2023-09-25,NIFTY50,20163.29,19739.23,-1.9943
2023-09-26,NIFTY50,17996.95,21546.39,-1.4227
2023-09-27,NIFTY50,16441.72,18222.18,-2.7855
2023-09-28,NIFTY50,21789.94,18320.23,1.2265
2023-09-29,NIFTY50,19306.9,17688.27,-0.0473
2023-10-02,NIFTY50,17265.9,16607.12,-2.4345
2023-10-03,NIFTY50,16243.71,17805.24,-1.9698
2023-10-04,NIFTY50,19848.82,18822.46,-2.3848
2023-10-05,NIFTY50,15937.47,21887.93,0.6756
2023-10-06,NIFTY50,15373.68,21502.12,-2.4347
2023-10-09,NIFTY50,18238.67,20897.22,1.5257
2023-10-10,NIFTY50,16319.9,21113.04,-2.8769
2023-10-11,NIFTY50,19031.24,17742.79,-1.5037
2023-10-12,NIFTY50,14943.51,19259.55,2.344
2023-10-13,NIFTY50,19239.53,21160.53,1.3112
2023-10-16,NIFTY50,16266.37,17143.61,-2.5622
2023-10-17,NIFTY50,14001.94,21694.1,1.9268
2023-10-18,NIFTY50,15015.49,17326.29,-0.0418
2023-10-19,NIFTY50,21468.92,18808.66,2.0807
2023-10-20,NIFTY50,20938.84,19678.44,0.6044
2023-10-23,NIFTY50,15868.87,21604.74,1.091
2023-10-24,NIFTY50,20226.98,15956.93,2.961
2023-10-25,NIFTY50,18868.57,19969.05,-1.606
2023-10-26,NIFTY50,21767.24,18166.52,0.7437
2023-10-27,NIFTY50,16988.85,16148.46,-0.2381
2023-10-30,NIFTY50,19451.68,20212.85,-2.7633
2023-10-31,NIFTY50,14508.29,18417.78,-2.9132
